aaa1;Garcia, David; 181 East Avenue,Tempe, AZ, 85281,USA;DavidMGarcia@teleworm.us
aba3;Rico, Pabil;BRAVO 390,REFORMA,SINALOA,, Mexico;PabilZamudioRico@dayrep.com
aab7;Pruitt, Sheryl;3970 Dominion St,Williamsburg, ON, K0C 2H0, Canada;SherylAPruitt@teleworm.us
abb5;Allen, Hubert; 4139 Chestnut Street,Saint Petersburg,FL,33710,USA;HubertLAllen@rhyta.com
baa8;Brown, Miguel;2425 Bassel Street,New Orleans ,LA,70113,USA;
bba0;Eckstein, Lillian;1843 Lynden Road,Gormley, ON,L0H 1G0,Canada;LillianCEckstein@armyspy.com
bbb2;Riggs, Chris;3121 Abia Martin Drive,Ronkonkoma,NY,11779,USA;ChrisLRiggs@armyspy.com
abc9;Begley, Marco;1421 Ashton Lane,Austin,TX,78744,USA;MarcoKBegley@rhyta.com
aac5;Montes, Richard;3473 Elgin Street,Lansdowne,ON,K0E 1L0,Canada;RichardEMontes@dayrep.com
bac4;Kramer, Guy;4344 Central Pkwy,Mississauga,ON,L5L 5S1 ,Canada;
cab6;Lang, Lynda;31 Benson Park Drive, Oklahoma City, OK,73109,USA;JoaneRHorton@jourrapide.com
bcb2;Zambrano, Salvador;EMILIO CARRANZA 1222 A,REFORMA,Oaxaca,, Mexico;SalvadorAguileraZambrano@rhyta.com