d75h;Medrano, Wiktoria;1025 S Street st.,Chichago,IL,60613,USA;therealwiki@gmail.com,wiktoria.m@yahoo.com
0s9ge4;Hart, Fenton;1 Wall Street,New York,NY,10005-0012,USA;fentony@windstream.net
09dh90;Dolan, Ayaana;23450 Cabo San Lucas, Los Cabos, BCS,, Mexico;
sdg0l;Salazar, Anthony;6700 Vine St,Lincoln,NE,68505,USA;slitherysalazar@hotmail.com
dgppwr00;Spooner, Kenan;123 N 1st Street,Compton,CA,90210,USA;kspoons@emailservice.domain,thespoonman@soundgarden.com
sdig90a8;Vang, Alba;521 Adam Street,Omaha,NE,68471,USA;av1834@hotmail.com
s7sdf7g;Hayward, Terry;321 Lemon Street,New York,NY,10012,USA;
oaspdlpas;Hicks, Isadora;142 Drive, Shanghai,,200012,China;ihicks@shu.edu.cn
as7d7asf;Battle, Petra;1 Blue Jays Way, Toronto, ON, M5V 1J1, Canada;danextpm@canada.gov
0sd9f90sd;Burns, Darci;1017 BlueJay Way, London, DA, 070708, England